A,E,Ecum,G_eff,K,L,Lambda,Omega,U,Y_damaged,Y_gross,Y_net,abatecost,dEcum_dt,dK_dt,delta_T,delta_c,f,mu,sigma,t,theta1,y,y_eff
1.0,-0.2527974102992607,2000000000000000.0,0.3934259209673007,500000000000000.0,8000000000.0,0.5448860294798334,0.008,-0.5430431205868281,217954411791.93344,219712108661.22324,99194097743.01424,118760314048.9192,-0.2527974102992607,-24980161180451.4,2.0,1.0897720589596671,0.5,3.3011695790426563,5e-13,0.0,0.05,21.795441179193343,6.950401923078443
1.010050167084168,-0.2477581198361375,1999999999999999.8,0.3934259209673007,475019838819548.6,8031808091.190222,0.5413200834618729,0.008,-0.5410605226664053,217388951313.64185,219142088017.78412,99711946044.85222,117677005268.78963,-0.2477581198361375,-23731049551768.465,2.0,1.082640166923746,0.5,3.306842726065697,4.900993366533776e-13,1.0,0.049502491687458405,21.652803338474918,7.001431700516466
1.0202013400267558,-0.24281169280983575,1999999999999999.5,0.3934259209673007,451288789267780.2,8063232775.877505,0.5377880673746496,0.007999999999999997,-0.5391659622747249,216815518566.55466,218564030813.05914,100214719859.81477,116600798706.73988,-0.24281169280983575,-22544396519417.047,1.9999999999999996,1.075576134749299,0.5,3.3125582469928485,4.803947195761616e-13,2.0,0.04900993366533776,21.511522694985977,7.05072242445795
1.030454533953517,-0.23795667996373232,1999999999999999.2,0.3934259209673007,428744392748363.1,8094274773.344594,0.5342895195768953,0.007999999999999995,-0.5373553830702001,216234308998.6833,217978134071.25333,100702583927.73486,115531725070.94843,-0.23795667996373232,-21417079120632.61,1.9999999999999993,1.0685790391537908,0.5,3.318316012352826,4.708822667921244e-13,3.0,0.04852227667742541,21.371580783075814,7.098316246590336
1.0408107741923882,-0.2331916473402462,1999999999999999.0,0.3934259209673007,407327313627730.5,8124934936.660261,0.530823986738297,0.007999999999999993,-0.5356249834601294,215645517753.36356,217384594509.43906,101175704297.27892,114469813456.08464,-0.2331916473402462,-20346130540527.07,1.9999999999999991,1.0616479734765938,0.5,3.3241158962857384,4.615581731933178e-13,4.0,0.04803947195761616,21.232959469531874,7.144254224694894
1.0512710963760241,-0.22851517632333776,1999999999999998.8,0.3934259209673007,386981183087203.44,8155214248.878645,0.5273910237745755,0.007999999999999991,-0.5339711966419972,215049339590.85565,216783608458.52383,101634248221.98795,113415091368.8677,-0.22851517632333776,-19328732304715.773,1.999999999999999,1.0547820475491507,0.5,3.3299577768565523,4.5241870901797975e-13,5.0,0.047561471225035706,21.095640950983015,7.188576353083276
1.0618365465453596,-0.22392586367629552,1999999999999998.5,0.3934259209673007,367652450782487.7,8185113819.219541,0.5239901937838236,0.00799999999999999,-0.5323906725125308,214445968813.77493,216175371788.07956,102078384058.88521,112367584754.88972,-0.22392586367629552,-18362206862312.61,1.9999999999999987,1.047980387567647,0.5,3.335841536377437,4.434602183585787e-13,6.0,0.04708822667921244,20.95960775135294,7.231321592272492
1.0725081812542165,-0.219422321574743,1999999999999998.2,0.3934259209673007,349290243920175.06,8214634879.23557,0.5206210679841895,0.007999999999999988,-0.5308802612413257,213835599196.38974,215560079835.0703,102508281169.72623,111327318026.66351,-0.219422321574743,-17444010539774.809,1.9999999999999984,1.041242135968379,0.5,3.341767061739495,4.3467911769940294e-13,7.0,0.04661969099529742,20.824842719367577,7.272527897917678
1.0832870676749586,-0.2150031776348109,1999999999999998.0,0.3934259209673007,331846233380400.25,8243778778.971908,0.5172832256530012,0.007999999999999986,-0.5294369983308991,213218423917.81738,214937927336.50946,102924109824.95978,110294314092.8576,-0.2150031776348109,-16571726847055.021,1.9999999999999982,1.0345664513060024,0.5,3.3477342447544536,4.260718944831057e-13,8.0,0.04615581731933179,20.691329026120048,7.31223224902136
1.0941742837052104,-0.21066707493643053,1999999999999997.8,0.3934259209673007,315274506533345.25,8272546983.124069,0.5139762540674266,0.007999999999999985,-0.5280580910066216,212594635499.145,214309108366.07358,103326041110.46448,109268594388.68051,-0.21066707493643053,-15743060118445.17,1.999999999999998,1.0279525081348533,0.5,3.3537429825068994,4.1763510570563597e-13,9.0,0.04569655926356141,20.559050162697066,7.350470675437872
1.1051709180756477,-0.20641267204171723,1999999999999997.5,0.3934259209673007,299531446414900.06,8300941067.199045,0.5106997484467642,0.007999999999999981,-0.526740905798661,211964425744.49835,213673816274.69592,103714246837.12021,108250178907.37814,-0.20641267204171723,-14955829471377.58,1.9999999999999976,1.0213994968935285,0.5,3.359793177717678,4.093653765389909e-13,10.0,0.04524187090179798,20.42798993787057,7.387278284691158
1.1162780704588713,-0.20223864300842304,1999999999999997.2,0.3934259209673007,284575616943522.5,8328962713.684835,0.5074533118964657,0.00799999999999998,-0.5254829571942546,211327985686.07718,213032243635.15845,104088899453.26842,107239086232.80876,-0.20223864300842304,-14207963067285.47,1.9999999999999973,1.0149066237929314,0.5,3.3658847391191236,4.0125939898123923e-13,11.0,0.04479170676482641,20.298132475858626,7.422689288124044
1.1274968515793757,-0.19814367739844857,1999999999999997.0,0.3934259209673007,270367653876237.03,8356613708.233258,0.5042365553539864,0.007999999999999978,-0.524281897252707,210685505533.17203,212384582190.6976,104450171960.11212,106235333573.0599,-0.19814367739844857,-13497492659419.83,1.9999999999999971,1.0084731107079727,0.5,3.372017581842803,3.9331393053327674e-13,12.0,0.044346021835857875,20.169462214159456,7.456737026396768
1.1388283833246218,-0.19412648028141513,1999999999999996.8,0.3934259209673007,256870161216817.2,8383895935.860643,0.5010490975365695,0.007999999999999976,-0.5231355060877584,210037174625.1744,211731022807.6355,104798237830.09993,105238936795.07448,-0.19412648028141513,-12822548413274.84,1.999999999999997,1.002098195073139,0.5,3.3781916278205184,3.855257929017831e-13,13.0,0.043904771546028065,20.04196390146278,7.489453994352244
1.1502737988572274,-0.19018577223330652,1999999999999996.5,0.3934259209673007,244047612803542.34,8410811377.170856,0.49789056489106537,0.007999999999999974,-0.5220416831326645,209383181388.58984,211071755432.0462,105133270928.33643,104249910460.2534,-0.19018577223330652,-12181353985991.45,1.9999999999999967,0.9957811297821307,0.5,3.384406806199327,3.7789187072786274e-13,14.0,0.0434679117699403,19.915622595642613,7.520871865265406
1.161834242728283,-0.1863202893302,1999999999999996.2,0.3934259209673007,231866258817550.9,8437362104.604824,0.49476059154589036,0.007999999999999972,-0.5209984391126895,208723713298.05798,210406969050.46167,105455445437.056,103268267861.00198,-0.1863202893302,-11572221851790.135,1.9999999999999964,0.9895211830917806,0.5,3.3906630537713913,3.7040911034085895e-13,15.0,0.043035398821252895,19.79042366183561,7.551021514493648
1.1735108709918103,-0.1825287831371164,1999999999999996.0,0.3934259209673007,220294036965760.78,8463550278.7205715,0.49165881926523575,0.00799999999999997,-0.5200038886579095,208058956841.38562,209736851654.6226,105764935783.19331,102294021058.19229,-0.1825287831371164,-10993548861131.4,1.9999999999999962,0.9833176385304715,0.5,3.3969603154195127,3.6307451853684546e-13,16.0,0.04260718944831057,19.66635277060943,7.579933042545143
1.1853048513203654,-0.17881002069202467,1999999999999995.8,0.3934259209673007,209300488104629.38,8489378144.50751,0.4885848974056334,0.007999999999999969,-0.5190562434964279,207389097488.59137,209061590210.27356,106061916569.08105,101327180919.51031,-0.17881002069202467,-10443812021917.652,1.999999999999996,0.9771697948112668,0.5,3.4032985445792447,3.558851613813048e-13,17.0,0.04218324082981919,19.543395896225334,7.607635797581672
1.1972173631218102,-0.17516278448504746,1999999999999995.5,0.3934259209673007,198856676082711.72,8514848027.738551,0.48553848287498935,0.007999999999999965,-0.5181538061744415,206714319664.96356,208381370630.0036,106346562506.30157,100367757158.66199,-0.17516278448504746,-9921564491634.326,1.9999999999999956,0.9710769657499787,0.5,3.409677703718517,3.488381630355155e-13,18.0,0.0417635105705636,19.421539314999574,7.634158397372257
1.2092495976572515,-0.17158587243291865,1999999999999995.2,0.3934259209673007,188935111591077.4,8539962331.363355,0.4825192400941998,0.007999999999999962,-0.5172949642551827,206034806728.12674,207696377750.12778,106619048352.71571,99415758375.41103,-0.17158587243291865,-9425431769883.328,1.9999999999999953,0.9650384801883993,0.5,3.4160977648357598,3.419307046061779e-13,19.0,0.04134795669716812,19.300769603767986,7.6595287507137915
1.2214027581601699,-0.168078097848755,1999999999999995.0,0.3934259209673007,179509679821194.06,8564723531.945878,0.47952684096146186,0.00799999999999996,-0.5164781849536966,205350740949.11508,207006795311.60794,106879548852.69041,98471192096.42467,-0.168078097848755,-8954108081289.164,1.9999999999999951,0.959053681922924,0.5,3.422558709977559,3.3516002301781966e-13,20.0,0.0409365376538991,19.18107363845848,7.683774078334519
1.2336780599567432,-0.1646382894072072,1999999999999994.8,0.3934259209673007,170555571739904.9,8589134176.149103,0.476560964819403,0.007999999999999959,-0.5157020101687803,204662303497.4462,206312805945.00626,107128238680.54176,97534064816.90443,-0.1646382894072072,-8506352939259.138,1.999999999999995,0.9531219296388059,0.5,3.429060531776932,3.2852340990752836e-13,21.0,0.04052921229850936,19.062438592776118,7.706920933296107
1.2460767305873808,-0.16126529110506263,1999999999999994.5,0.3934259209673007,162049218800645.78,8613196877.269686,0.47362129842513717,0.007999999999999957,-0.5149650518772764,203969674430.19022,205614591159.46594,107365292387.21103,96604382042.97919,-0.16126529110506263,-8080987881554.847,1.9999999999999947,0.9472425968502742,0.5,3.435603234013337,3.220182105415707e-13,22.0,0.04012593989812393,18.944851937005485,7.728995220909846
1.2586000099294778,-0.1579579622173793,1999999999999994.2,0.3934259209673007,153968230919090.94,8636914311.825037,0.47070753592338016,0.007999999999999955,-0.514265987859351,203273032685.02695,204912331335.71265,107590884350.18521,95682148334.84175,-0.1579579622173793,-7676893369084.51,1.9999999999999944,0.9414150718467603,0.5,3.4421868321956213,3.15641822753463e-13,23.0,0.039726680125166704,18.828301436935206,7.750022218182197
1.2712491503214047,-0.15471517724923567,1999999999999994.0,0.3934259209673007,146291337550006.44,8660289216.195154,0.4678193788227419,0.007999999999999953,-0.5136035577264392,202572556077.28534,204206205723.0699,107805188726.67468,94767367350.61067,-0.15471517724923567,-7293005839754.987,1.9999999999999942,0.9356387576454838,0.5,3.448811354169137,3.0939169590307043e-13,24.0,0.039331393053327675,18.712775152909675,7.7700265928048715
1.2840254166877414,-0.151535825883184,1999999999999993.8,0.3934259209673007,138998331710251.45,8683324383.32133,0.4649565359753222,0.007999999999999952,-0.5129765592262584,201868421300.9568,203496392440.48062,108008379410.05696,93860041890.89981,-0.151535825883184,-6928314909630.562,1.999999999999994,0.9299130719506444,0.5,3.455476840748327,3.032653298563167e-13,25.0,0.03894003915357025,18.598261439012887,7.789032421704334
1.2969300866657718,-0.1484188129225017,1999999999999993.5,0.3934259209673007,132070016800620.89,8706022659.46368,0.46211872355973965,0.007999999999999948,-0.5123838448017202,201160803933.67624,202783068481.52844,108200629989.59471,92960173944.08151,-0.1484188129225017,-6581860714033.126,1.9999999999999936,0.9242374471194792,0.5,3.4621833463761242,2.972602739850972e-13,26.0,0.038552579290178315,18.484748942389583,7.807063209165433
1.3099644507332473,-0.1453630582303377,1999999999999993.2,0.3934259209673007,125488156086587.77,8728386941.019266,0.4593056650677211,0.007999999999999946,-0.5118243183827325,200449878445.66327,202066409723.45087,108382113713.43405,92067764732.22922,-0.1453630582303377,-6252731381586.702,1.9999999999999933,0.9186113301354422,0.5,3.46893093981159,2.913741261869948e-13,27.0,0.03816897471684266,18.372226602708842,7.8241419045437635
1.3231298123374369,-0.14236749666485773,1999999999999993.0,0.3934259209673007,119235424705001.06,8750420171.402367,0.4565170912943908,0.007999999999999945,-0.5112969323918263,199735818212.61862,201346590940.1397,108553003454.88876,91182814757.72986,-0.14236749666485773,-5940060634559.076,1.9999999999999931,0.9130341825887816,0.5,3.47571970484727,2.856045319244074e-13,28.0,0.03778918707278628,18.26068365177563,7.840290919581074
1.336427488025472,-0.13943107801048923,1999999999999992.8,0.3934259209673007,113295364070441.98,8772125337.988338,0.4537527403323844,0.007999999999999943,-0.5108006849462742,199018795532.5676,200623785819.12054,108713471682.01454,90305323850.55304,-0.13943107801048923,-5643025509185.696,1.999999999999993,0.9075054806647688,0.5,3.4825497410577864,2.79949183282701e-13,29.0,0.03741317837892826,18.150109613295374,7.855532145337962
1.3498588075760032,-0.136552766905378,1999999999999992.5,0.3934259209673007,107652338561256.28,8793505469.122305,0.451012357569936,0.007999999999999941,-0.5103346172409252,198298981646.6488,199898166982.50885,108863690430.47624,89435291216.17255,-0.136552766905378,-5360844189976.719,1.9999999999999927,0.9020247151398719,0.5,3.4894211645813,2.744058180470132e-13,30.0,0.0370409110340859,18.040494302797438,7.869886968757848
1.3634251141321778,-0.13373154276516444,1999999999999992.2,0.3934259209673007,102291494371279.56,8814563631.19375,0.4482956956930697,0.00799999999999994,-0.5098978110973809,197576546763.8416,199169906011.9371,109003831279.71092,88572715484.13069,-0.13373154276516444,-5092773952308.036,1.9999999999999925,0.8965913913861393,0.5,3.4963341089354936,2.6897221879733724e-13,31.0,0.036672347811214465,17.931827827722785,7.88337628887612
1.3771277643359572,-0.13096639970319363,1999999999999992.0,0.3934259209673007,97198720418971.53,8835302925.777973,0.445602514692044,0.007999999999999938,-0.5094893866663913,196851660089.6319,198439173477.45148,109134065332.38846,87717594757.24344,-0.13096639970319363,-4838109207882.1,1.9999999999999922,0.891205029384088,0.5,3.5032887258698358,2.6364621202152426e-13,32.0,0.03630745185368455,17.82410058768176,7.896020532688098
1.3909681284637803,-0.1282563464472725,1999999999999991.8,0.3934259209673007,92360611211089.44,8855726486.84515,0.44293258187218887,0.007999999999999936,-0.5091085002714864,196124489858.61252,197706138970.3755,109254563197.17136,86869926661.44116,-0.1282563464472725,-4596179647915.037,1.999999999999992,0.8858651637443776,0.5,3.510285186255922,2.5842566724584957e-13,33.0,0.03594618667159631,17.717303274887552,7.907839670689389
1.4049475905635938,-0.12560040625309213,1999999999999991.5,0.3934259209673007,87764431563174.4,8875837478.037691,0.44028567186928724,0.007999999999999933,-0.5087543423828734,195395203371.02124,196970971140.14236,109365494974.77513,86029708396.24611,-0.12560040625309213,-4366348479163.7656,1.9999999999999916,0.8805713437385745,0.5,3.517323681017794,2.5330849618279477e-13,34.0,0.03558851613813049,17.61142687477149,7.9188532321020055
1.4190675485932573,-0.12299761681443103,1999999999999991.2,0.3934259209673007,83398083084010.64,8895639090.01637,0.4376615666696462,0.00799999999999993,-0.508426135711558,194663967033.2155,196233837735.09625,109467030247.33006,85196936785.88545,-0.12299761681443103,-4148010748151.0664,1.9999999999999913,0.8753231333392923,0.5,3.524404422104192,2.482926518957047e-13,35.0,0.03523440448593567,17.506462666785847,7.929080319799391
1.4333294145603401,-0.12044703017025922,1999999999999991.2,0.3934259209673007,79250072335859.58,8915134537.875599,0.43506005563501166,0.00799999999999993,-0.5081231334144748,193930946402.08856,195494905647.26666,109559338071.04544,84371608331.0431,-0.12044703017025922,-3940591749178.77,1.9999999999999913,0.8701201112700233,0.5,3.5315276435047775,2.433761279799858e-13,36.0,0.03488381630355155,17.402402225400465,7.9385396249434965
1.4477346146633245,-0.11794771260886122,1999999999999991.2,0.3934259209673007,75309480586680.81,8934327058.628105,0.43248093553248107,0.00799999999999993,-0.507844617402166,193196306233.4321,194754340961.12103,109642586972.17769,83553719261.25443,-0.11794771260886122,-3743545511939.6055,1.9999999999999913,0.8649618710649621,0.5,3.5386936023124425,2.385569577605172e-13,37.0,0.03453671653186773,17.299237421299242,7.947249441346742
1.4622845894342245,-0.1154987445690981,1999999999999991.2,0.3934259209673007,71565935074741.2,8953219908.759155,0.42992401056956797,0.00799999999999993,-0.5075898967412343,192460210534.2519,194012309006.30228,109716944946.3029,82743265587.94899,-0.1154987445690981,-3556353364747.8,1.9999999999999913,0.859848021139136,0.5,3.5459025798339017,2.3383321350495463e-13,38.0,0.03419307046061779,17.19696042278272,7.955227679571619
1.4769807938826427,-0.11309922053892794,1999999999999991.2,0.3934259209673007,68009581709993.41,8971816361.850313,0.4273890924345791,0.00799999999999993,-0.507358306144407,191722822619.04562,193268974414.36047,109782579460.89592,81940243158.1497,-0.11309922053892794,-3378522569607.491,1.9999999999999913,0.8547781848691582,0.5,3.55315488275084,2.2920300565261176e-13,39.0,0.03385284372490823,17.095563697383163,7.962491880780503
1.4918246976412703,-0.11074824895130354,1999999999999991.2,0.3934259209673007,64631059140385.914,8990119706.27267,0.42487600034245987,0.00799999999999993,-0.5071492045416129,190984305170.0531,192524501179.48898,109839657461.21716,81144647708.83594,-0.11074824895130354,-3209585025527.0522,1.9999999999999913,0.8497520006849197,0.5,3.5604508443339653,2.2466448205861079e-13,40.0,0.03351600230178197,16.995040013698393,7.969059230348096
1.5068177851128537,-0.10844495207756727,1999999999999991.2,0.3934259209673007,61421474114858.86,9008133242.949333,0.4223845610862751,0.00799999999999993,-0.5069619737259878,190244820301.49188,191779052723.27808,109888345379.50896,80356474921.98293,-0.10844495207756727,-3049096036667.0415,1.9999999999999913,0.8447691221725502,0.5,3.5677908257124207,2.2021582725299963e-13,41.0,0.03318251250681597,16.895382443451002,7.97494657124874
1.5219615556186337,-0.10618846591846048,1999999999999991.2,0.3934259209673007,58372378078191.82,9025860283.18691,0.41991460909448386,0.00799999999999993,-0.5067960170691788,189504529627.7929,191032791963.5009,109928809147.50421,79575720480.2887,-0.10618846591846048,-2896633142080.0903,1.9999999999999913,0.8398292181889677,0.5,3.5751752172010565,2.1585526171453985e-13,42.0,0.03285234099075284,16.796584363779353,7.9801704172306955
1.5372575235482815,-0.10397794009286478,1999999999999991.2,0.3934259209673007,55475744936111.73,9043304146.575586,0.41746598649417355,0.00799999999999993,-0.5066507583007487,188763594335.85135,190285881386.9469,109961214212.24918,78802380123.60217,-0.10397794009286478,-2751795003963.1367,1.9999999999999913,0.8349319729883471,0.5,3.5826044396881818,2.1158104115887442e-13,43.0,0.032525454736165825,16.69863945976694,7.984746965789267
1.552707218511336,-0.1018125377243916,1999999999999991.2,0.3934259209673007,52723949932148.59,9060468158.957354,0.4150385431804199,0.00799999999999993,-0.5065256403468633,188022175261.312,189538483126.32257,109985725555.24348,78036449706.06853,-0.1018125377243916,-2614200351496.381,1.9999999999999913,0.8300770863608398,0.5,3.5900789460864693,2.0739145584079068e-13,44.0,0.03220182105415707,16.601541727216794,7.988692110950533
1.568312185490169,-0.09969143532593479,1999999999999991.2,0.3934259209673007,50109749580652.21,9077355650.461832,0.41263213689193656,0.00799999999999993,-0.5064201242237965,187280432968.90805,188790759041.23795,110002507714.90044,77277925254.00761,-0.09969143532593479,-2483486977489.631,1.9999999999999913,0.8252642737838732,0.5,3.597599222849792,2.0328482987029955e-13,45.0,0.03188140758108867,16.505285475677464,7.99202145587717
1.5840739849944818,-0.09761382268229905,1999999999999991.2,0.3934259209673007,47626262603162.58,9093969953.609081,0.41024663329318334,0.00799999999999993,-0.5063336879821089,186538527836.87457,188042870803.30096,110011724812.33002,76526803024.54456,-0.09761382268229905,-2359310785195.663,1.9999999999999913,0.8204932665863667,0.5,3.605165791558837,1.9925952054225707e-13,46.0,0.0315641822753463,16.40986533172733,7.994750325307752
1.5999941932173602,-0.09557890273101569,1999999999999991.2,0.3934259209673007,45266951817966.914,9110314401.478703,0.40788190606309405,0.00799999999999993,-0.5062658256976516,185796620145.45944,187294979985.34216,110013540580.44879,75783079565.01065,-0.09557890273101569,-2241344882782.256,1.9999999999999913,0.8157638121261881,0.5,3.6127792105784136,1.9531391767926053e-13,47.0,0.03125011341413504,16.315276242523762,7.996893777840629
1.6160744021928934,-0.09358589144145572,1999999999999991.2,0.3934259209673007,43025606935184.66,9126392325.9445,0.4055378369905963,0.00799999999999993,-0.5062160465058152,185054870169.55545,186547248154.7938,110008118396.4183,75046751773.13715,-0.09358589144145572,-2129278723079.9492,1.9999999999999913,0.8110756739811926,0.5,3.6204400767894973,1.9144644298755604e-13,48.0,0.030939169590307042,16.22151347962385,7.99846661807328
1.632316219955379,-0.09163401769234637,1999999999999991.2,0.3934259209673007,40896328212104.7,9142207055.973858,0.4032143160770799,0.00799999999999993,-0.5061838736756918,184313438275.47766,185799836971.24762,109995621317.41585,74317816958.06181,-0.09163401769234637,-2022817286341.7522,1.9999999999999913,0.8064286321541598,0.5,3.6281490273990467,1.8765554942569978e-13,49.0,0.030631319709220808,16.128572643083196,7.99948340860783
1.6487212707001282,-0.08972252314779783,1999999999999991.2,0.3934259209673007,38873510925762.95,9157761915.991026,0.4009112416459823,0.00799999999999993,-0.5061688437210463,183572485021.9126,185052908288.21832,109976212119.73912,73596272902.17346,-0.08972252314779783,-1921680303864.2,1.9999999999999913,0.8018224832919647,0.5,3.6359067418307913,1.8393972058572117e-13,50.0,0.030326532985631673,16.036449665839292,7.999958481933133
1.6652911949458864,-0.08785066213194061,1999999999999991.2,0.3934259209673007,36951830621898.75,9173060224.303326,0.3986285204596466,0.00799999999999993,-0.5061705055452023,182832171265.0634,184306624259.13644,109950053341.24646,72882117923.81693,-0.08785066213194061,-1825601520426.6882,1.9999999999999913,0.7972570409192931,0.5,3.643713943700179,1.8029747008653914e-13,51.0,0.030024778940613298,15.94514081838586,7.999905952193519
1.6820276496988864,-0.08601770150227532,1999999999999991.2,0.3934259209673007,35126229101472.062,9188105291.589373,0.39636606784361106,0.00799999999999993,-0.5061884196171421,182092658268.01773,183561147447.5985,109917307327.13313,72175350940.8846,-0.08601770150227532,-1734327993608.1768,1.9999999999999913,0.792732135687222,0.5,3.65157140287679,1.7672734097939007e-13,52.0,0.02972602739850972,15.85464271374444,7.999339726854137
1.6989323086185506,-0.08422292052183131,1999999999999991.2,0.3934259209673007,33391901107863.887,9202900419.448303,0.39412380781848294,0.00799999999999993,-0.5062221571763011,181354107814.36395,182816640941.89914,109878136279.04312,71475971535.32082,-0.08422292052183131,-1647619428137.3857,1.9999999999999913,0.788247615636966,0.5,3.659479937637558,1.732279051650287e-13,53.0,0.02943024848391776,15.76495231273932,7.998273518272296
1.7160068621848585,-0.08246561073022828,1999999999999991.2,0.3934259209673007,31744281679726.5,9217448899.008924,0.391901673239542,0.00799999999999993,-0.5062712994637013,180616682326.0786,182073268473.86954,109832702307.5136,70783980018.56502,-0.08246561073022828,-1565247543524.8225,1.9999999999999913,0.7838033464790841,0.5,3.6674404169141788,1.6979776282246954e-13,54.0,0.029137412618699482,15.676066929581681,7.996720855184043
1.7332530178673953,-0.08074507581373265,1999999999999991.2,0.3934259209673007,30179034136201.676,9231754009.597775,0.38969960594421704,0.00799999999999993,-0.5063354369772238,179880544985.7099,181331194542.04626,109781167487.74774,70099377497.96216,-0.08074507581373265,-1486995473312.5344,1.9999999999999913,0.7793992118884341,0.5,3.675453762638156,1.6643554184903977e-13,55.0,0.028847490519024334,15.587984237768682,7.99469509411478
1.7506725002961012,-0.07906063147439668,1999999999999991.2,0.3934259209673007,28692038662889.14,9245819017.464935,0.38751755690756934,0.00799999999999993,-0.5064141687489717,179145859862.8777,180590584539.1912,109723693918.70955,69422165944.16815,-0.07906063147439668,-1412657194360.715,1.9999999999999913,0.7750351138151386,0.5,3.6835209521869454,1.6313989731151972e-13,56.0,0.028560453192440743,15.50070227630277,7.992209430722209
1.7682670514337353,-0.07741160529836505,1999999999999991.2,0.3934259209673007,27279381468528.426,9259647174.56651,0.3853554864059077,0.00799999999999993,-0.5065071016427994,178412792045.1083,179851604884.18173,109660443785.52954,68752348259.57878,-0.07741160529836505,-1342036984669.3154,1.9999999999999913,0.7707109728118153,0.5,3.691643020934682,1.5990951090815192e-13,57.0,0.028276271934976855,15.414219456236307,7.98927691107962
1.7860384307500734,-0.07579733662343108,1999999999999991.2,0.3934259209673007,25937344483859.11,9273241717.402555,0.38321336418865415,0.00799999999999993,-0.5066138496702259,177681507773.02026,179114423158.28653,109591579425.20866,68089928347.8116,-0.07579733662343108,-1274948908307.9138,1.9999999999999913,0.7664267283773083,0.5,3.699821064911005,1.5674309044130266e-13,58.0,0.027994918328270103,15.328534567546164,7.985910442906862
1.803988415397857,-0.07421717640592009,1999999999999991.2,0.3934259209673007,24662395575551.195,9286605865.909374,0.38109116965855994,0.00799999999999993,-0.5067340333230613,176952174579.8723,178379208245.83902,109517263395.60307,67434911184.26923,-0.07421717640592009,-1211216326098.4392,1.9999999999999913,0.7621823393171198,0.5,3.708056243571452,1.5363936930056562e-13,59.0,0.027716364236725355,15.243646786342394,7.982122806755931
1.8221188003905089,-0.07267048708697471,1999999999999991.2,0.3934259209673007,23451179249452.758,9299742822.4049,0.378988892060368,0.00799999999999993,-0.5068672789211977,176224961435.4796,177646130479.31412,109437658547.66612,66787302887.8135,-0.07267048708697471,-1150671430763.1047,1.9999999999999913,0.757977784120736,0.5,3.7163497826829106,1.5059710595610108e-13,60.0,0.02744058180470132,15.15955568241472,7.9779266671574565
1.8404313987816374,-0.07115664245831335,1999999999999991.2,0.3934259209673007,22300507818689.652,9312655770.586002,0.37690653067799784,0.00799999999999993,-0.5070132179741261,175500038894.5003,176915361788.81076,109352928100.92052,66147110793.579796,-0.07115664245831335,-1093154805314.2986,1.9999999999999913,0.7538130613559956,0.5,3.7247029773275657,1.476150834620071e-13,61.0,0.02716754345372499,15.076261227119911,7.973334583733686
1.858928041846342,-0.06967502752752841,1999999999999991.2,0.3934259209673007,21207353013375.355,9325347874.57652,0.3748440950403089,0.00799999999999993,-0.5071714865548486,174777579249.0852,176187075855.93265,109263235722.12599,65514343526.95922,-0.06967502752752841,-1038515003524.3427,1.9999999999999913,0.7496881900806178,0.5,3.733117195028695,1.446921089695253e-13,62.0,0.026897221879733726,14.993763801612356,7.968359022282949
1.8776105792643432,-0.06822503838298824,1999999999999991.2,0.3934259209673007,20168838009851.01,9337822278.024754,0.3728016051354912,0.00799999999999993,-0.5073417246849571,174057756685.8788,175461448272.05524,109168745607.10042,64889011078.7784,-0.06822503838298824,-986608151371.1306,1.9999999999999913,0.7456032102709824,0.5,3.741593879001639,1.418270132498852e-13,63.0,0.026629590050344862,14.912064205419647,7.963012365839713
1.8964808793049515,-0.06680608205840176,1999999999999991.2,0.3934259209673007,19182229858479.883,9350082103.249216,0.3707790916340947,0.00799999999999993,-0.50752357572976,173340747447.3475,174738656700.95514,109069622565.64497,64271124881.70253,-0.06680608205840176,-937297568410.8651,1.9999999999999913,0.7415581832681896,0.5,3.7501345515331024,1.3901865022659708e-13,64.0,0.026364621202152428,14.83116366536379,7.957306925713571
1.9155408290138962,-0.06541757639710202,1999999999999991.2,0.3934259209673007,18244932290069.02,9362130450.4314,0.36877659612070257,0.00799999999999993,-0.5077166858024306,172626729997.40356,174018881045.7697,108966032109.5135,63660697887.89007,-0.06541757639710202,-890453408081.5483,1.9999999999999913,0.7375531922414051,0.5,3.758740817491872,1.362658965170063e-13,65.0,0.026102288838050804,14.751063844828101,7.951254952509513
1.9347923344020317,-0.06405894991609914,1999999999999991.2,0.3934259209673007,17354478881987.47,9373970396.854343,0.3667941713342097,0.00799999999999993,-0.5079207031762579,171915885191.2801,173302303620.242,108858140543.35736,63057744647.922714,-0.06405894991609914,-845952315990.702,1.9999999999999913,0.7335883426684195,0.5,3.7674143679738084,1.3356765098292517e-13,66.0,0.02584256672458496,14.67176685336839,7.94486864713091
1.9542373206359396,-0.06272964166995101,1999999999999991.2,0.3934259209673007,16508526565996.77,9385604996.185724,0.3648318814166558,0.00799999999999993,-0.5081352777041844,171208396449.6001,172589109324.19363,108746115058.5638,62462281391.03629,-0.06272964166995101,-803677105288.1257,1.9999999999999913,0.7296637628333116,0.5,3.77615698408383,1.30922834290163e-13,67.0,0.025585428889327123,14.593275256666232,7.938160171765393
1.9738777322304477,-0.06142910111449452,1999999999999991.2,0.3934259209673007,15704849460708.645,9397037277.804304,0.36288980217051603,0.00799999999999993,-0.5083600602449063,170504449936.5684,171879485823.1536,108630123829.89444,61874326106.67396,-0.06142910111449452,-763516448269.4534,1.9999999999999913,0.7257796043410321,0.5,3.7849705408573366,1.2833038847677794e-13,68.0,0.02533084961827948,14.51559208682064,7.931141660852828
1.9937155332430825,-0.06015678797047627,1999999999999991.2,0.3934259209673007,14941333012439.191,9408270246.168446,0.3609680213243252,0.00799999999999993,-0.5085947020949314,169804234742.19727,171173623732.05368,108510336114.8151,61293898627.38219,-0.06015678797047627,-725364583398.9966,1.9999999999999913,0.7219360426486503,0.5,3.7938570113232455,1.2578927652987824e-13,69.0,0.025078803453302774,14.438720852973006,7.923825232033082
2.0137527074704766,-0.05891217208711828,1999999999999991.2,0.3934259209673007,14215968429040.195,9419306880.225525,0.35906663880647094,0.00799999999999993,-0.5088388544260836,169107943068.46225,170471716802.8853,108386922355.39346,60721020713.06879,-0.05891217208711828,-689121036980.931,1.9999999999999913,0.7181332776129419,0.5,3.8028184707105193,1.232984819708032e-13,70.0,0.024829265189570474,14.362665552258838,7.916222997070005
2.0339912586467506,-0.05769473330564834,1999999999999991.2,0.3934259209673007,13526847392059.264,9430150132.86101,0.35718576702694477,0.00799999999999993,-0.5090921677280625,168415770419.26025,169773962116.18976,108260054282.62296,60155716136.63731,-0.05769473330564834,-654690358746.4387,1.9999999999999913,0.7143715340538896,0.5,3.8118571007996627,1.2085700844851823e-13,71.0,0.024582209873048256,14.287430681077792,7.908347072746449
2.0544332106438876,-0.05650396132282178,1999999999999991.2,0.3934259209673007,12872157033312.824,9440802930.386007,0.3553255311667992,0.00799999999999993,-0.5093542912557726,167727915794.0241,169080560276.23398,108129905023.01231,59598010771.01179,-0.05650396132282178,-621981870661.0388,1.9999999999999913,0.7106510623335984,0.5,3.8209751944202726,1.184638793410609e-13,72.0,0.024337612797998585,14.213021246671968,7.900209591723568
2.0750806076741224,-0.05533935555445668,1999999999999991.2,0.3934259209673007,12250175162651.785,9451268172.06209,0.35348606947500394,0.00799999999999993,-0.5096248724812622,167044581884.82166,168391715609.69922,107996649207.2606,59047932677.56105,-0.05533935555445668,-590909428291.1371,1.9999999999999913,0.7069721389500079,0.5,3.830175160095236,1.161181373648794e-13,73.0,0.024095449504510123,14.139442779000158,7.8918227133557926
2.0959355144943643,-0.05420042499900005,1999999999999991.2,0.3934259209673007,11659265734360.648,9461548729.662224,0.35166753357234287,0.00799999999999993,-0.5099035565502337,166365975276.74237,167707636367.68384,107860463080.813,58505512195.92936,-0.05420042499900005,-561391194101.8699,1.9999999999999913,0.7033350671446857,0.5,3.8394595268316416,1.1381884419190638e-13,74.0,0.02385569577605172,14.066701342893714,7.88319863445097
2.117000016612675,-0.05308668810113761,1999999999999991.2,0.3934259209673007,11097874540258.78,9471647447.066639,0.34987008876192804,0.00799999999999993,-0.5101899857432134,165692306651.3447,167028534930.79102,107721524616.07013,57970782035.27457,-0.05308668810113761,-533349422089.7249,1.9999999999999913,0.6997401775238561,0.5,3.8488309490578554,1.1156508007421491e-13,75.0,0.023618327637050737,13.99480355047712,7.874349599963151
2.1382762204968184,-0.051997672615457485,1999999999999991.2,0.3934259209673007,10564525118169.055,9481567139.8925,0.34809391434585135,0.00799999999999993,-0.5104837989416137,165023790992.9089,166354628017.04526,107580013625.99559,57443777366.91331,-0.051997672615457485,-506710253183.25366,1.9999999999999913,0.6961878286917027,0.5,3.858292211705563,1.0935594347610737e-13,76.0,0.023383321350495465,13.923756573834053,7.8652879136032094
2.159766253784915,-0.05093291547017124,1999999999999991.2,0.3934259209673007,10057814864985.8,9491310595.156216,0.3463392039474168,0.00799999999999993,-0.5107846310990558,164360647797.2043,165686136892.34305,107436111878.83882,56924535918.365486,-0.05093291547017124,-481403520873.5223,1.9999999999999913,0.6926784078948336,0.5,3.867846235434811,1.0719055071348897e-13,77.0,0.023150653415561405,13.853568157896671,7.856025948350153
2.181472265498201,-0.04989196263089294,1999999999999991.2,0.3934259209673007,9576411344112.28,9500880570.967312,0.3446061658383258,0.00799999999999993,-0.5110921127184791,163703101282.44443,165023287583.10928,107290003213.65814,56413098068.78629,-0.04989196263089294,-457362566562.8824,1.9999999999999913,0.6892123316766516,0.5,3.8774960819992623,1.0506803560038235e-13,78.0,0.022920300565261176,13.784246633533032,7.846576156843447
2.203396426255937,-0.04887436896447297,1999999999999991.2,0.3934259209673007,9119048777549.396,9510279796.252731,0.34289502327010946,0.00799999999999993,-0.5114058693357207,163051380602.0666,164366311090.7929,107141873656.29749,55909506945.7691,-0.04887436896447297,-434524064146.2103,1.9999999999999913,0.6857900465402189,0.5,3.887244959747984,1.0298754910244172e-13,79.0,0.022692239764117793,13.715800930804377,7.8369510816339325
2.225540928492468,-0.047879698102877975,1999999999999991.2,0.3934259209673007,8684524713403.187,9519510970.510502,0.3412060148090132,0.00799999999999993,-0.5117255210104165,162405720058.9285,163715443607.7908,106991911535.43327,55413808523.49521,-0.047879698102877975,-412827853363.0727,1.9999999999999913,0.6824120296180265,0.5,3.8970962292590774,1.0094825899732769e-13,80.0,0.022466448205861078,13.64824059236053,7.827163365268103
2.2479079866764717,-0.04690752230710532,1999999999999991.2,0.3934259209673007,8271696860040.114,9528576763.591711,0.33953939467345134,0.00799999999999993,-0.5120506818252554,161766359320.4722,163070926734.34695,106840307598.27106,54926051722.20116,-0.04690752230710532,-392216781482.3515,1.9999999999999913,0.6790787893469028,0.5,3.9070534090993583,9.894934954180732e-14,81.0,0.022242903311147057,13.581575786938055,7.817225760177366
2.270499837532406,-0.04595742233111582,1999999999999991.2,0.3934259209673007,7879480078557.763,9537479815.509726,0.33789543307305087,0.00799999999999993,-0.5123809593948025,161133543634.357,162433007695.92438,106687255125.4306,54446288508.92639,-0.04595742233111582,-372636552902.80206,1.9999999999999913,0.6757908661461017,0.5,3.9171201817031447,9.699002114544595e-14,82.0,0.022021582725299964,13.515817322922034,7.807151138340805
2.293318740264183,-0.045028987285765355,1999999999999991.2,0.3934259209673007,7506843525654.961,9546222736.275652,0.33627441654820384,0.00799999999999993,-0.5127159543853069,160507524044.01462,161801939560.4986,106532950044.5168,53974573999.49782,-0.045028987285765355,-354035586273.84467,1.9999999999999913,0.6725488330964077,0.5,3.927300399361882,9.506949005076024e-14,83.0,0.02180246431607678,13.450976661928152,7.796952500686407
2.3163669767810915,-0.04412181450271157,1999999999999991.2,0.3934259209673007,7152807939381.116,9554808105.759027,0.33467664830893895,0.00799999999999993,-0.5130552600471112,159888557603.52563,161177981455.16696,106377591041.82697,53510966561.69868,-0.04412181450271157,-336364878760.6904,1.9999999999999913,0.6693532966178779,0.5,3.9375980903149714,9.318698801970498e-14,84.0,0.021585526171453987,13.387065932357556,7.786642986192296
2.3396468519259908,-0.043235509398269034,1999999999999991.2,0.3934259209673007,6816443060620.426,9563238473.57276,0.3331024485718113,0.00799999999999993,-0.5133984617615002,159276907591.1619,160561398781.41318,106221379671.59976,53055527919.56215,-0.043235509398269034,-319577877096.70135,1.9999999999999913,0.6662048971436227,0.5,3.9480174649306647,9.134176202636733e-14,85.0,0.021370746597436336,13.324097942872454,7.776235880645643
2.3631606937057947,-0.04236968533718274,1999999999999991.2,0.3934259209673007,6496865183523.725,9571516358.981342,0.33155215489339024,0.00799999999999993,-0.5137451366040479,158672843720.88004,159952463428.30646,106064520462.16013,52608323258.71992,-0.04236968533718274,-303630355083.7542,1.9999999999999913,0.6631043097867806,0.5,3.958562921964271,8.953307395574661e-14,86.0,0.021158104115887442,13.26208619573561,7.765744625013079
2.3869108535242765,-0.04152396349628669,1999999999999991.2,0.3934259209673007,6193234828439.971,9579644250.831438,0.33002612249880237,0.00799999999999993,-0.5140948529267565,158076642350.99216,159351453982.85498,105907221018.26425,52169421332.727905,-0.04152396349628669,-288480297218.3457,1.9999999999999913,0.6600522449976046,0.5,3.969239054879219,8.776020030849843e-14,87.0,0.02094757746238195,13.201044899952091,7.755182823372367
2.4108997064172097,-0.04069797272801193,1999999999999991.2,0.3934259209673007,5904754531221.625,9587624607.503866,0.3285247246036607,0.00799999999999993,-0.5144471699615198,157488586689.1744,158758655936.66772,105749692118.89365,51738894570.28077,-0.04069797272801193,-274087788137.3025,1.9999999999999913,0.6570494492073214,0.5,3.9800506582146924,8.602243191152526e-14,88.0,0.02073914558407907,13.140988984146428,7.744564250350873
2.4351296512898744,-0.03989134942370596,1999999999999991.2,0.3934259209673007,5630666743084.322,9595459856.886135,0.3270483527275786,0.00799999999999993,-0.5148016374476986,156908966992.91086,158174361888.01495,105592147809.69336,51316819183.2175,-0.03989134942370596,-260414907592.27747,1.9999999999999913,0.6540967054551572,0.5,3.991002733981615,8.431907363429774e-14,89.0,0.020532787637617275,13.081934109103143,7.73390285801201
2.45960311115695,-0.03910373737672306,1999999999999991.2,0.3934259209673007,5370251835492.045,9603152396.364614,0.3255974169973276,0.00799999999999993,-0.5151577952868394,156338080764.4008,157598871738.30722,105434805489.1923,50903275275.20848,-0.03910373737672306,-247425630676.7638,1.9999999999999913,0.6511948339946554,0.5,4.002100498066718,8.264944411079326e-14,90.0,0.020328482987029956,13.023896679893106,7.723212782126524
2.4843225333848165,-0.03833478764524421,1999999999999991.2,0.3934259209673007,5122826204815.281,9610704592.835531,0.32417234643756887,0.00799999999999993,-0.5155151732278382,155776232938.89075,157032492881.9463,105277885987.88522,50498346951.005516,-0.03833478764524421,-235085733043.187,1.9999999999999913,0.648344692875138,0.5,4.013349386622305,8.101287546694037e-14,91.0,0.0201262112016818,12.96689385750276,7.712508347760799
2.509290389936298,-0.037584158414783665,1999999999999991.2,0.3934259209673007,4887740471772.094,9618118782.733894,0.322773589246939,0.00799999999999993,-0.5158732905861035,155223736065.32092,156475540388.42834,105121613639.19775,50102122426.12317,-0.037584158414783665,-223362700860.76514,1.9999999999999913,0.645547178493878,0.5,4.024755062417066,7.940871305346034e-14,92.0,0.019925952054225708,12.910943569877558,7.701804074109974
2.534509177617855,-0.0368515148603385,1999999999999991.2,0.3934259209673007,4664377770911.328,9625397272.079607,0.3214016130571326,0.00799999999999993,-0.516231656000537,154680910478.1054,155928337175.50946,104966216341.2964,49714694136.809006,-0.0368515148603385,-212225645277.30713,1.9999999999999913,0.642803226114265,0.5,4.036323421120971,7.783631518399865e-14,93.0,0.019727685518580056,12.8560645222853,7.691114678498962
2.5599814183292717,-0.036136529008138366,1999999999999991.2,0.3934259209673007,4452152125634.021,9632542336.539927,0.3200569051724862,0.00799999999999993,-0.5165897672324137,154148084458.79593,155391214172.1733,104811925608.64668,49336158850.14924,-0.036136529008138366,-201645221159.97174,1.9999999999999913,0.6401138103449726,0.5,4.0480605974949,7.629505287844193e-14,94.0,0.019531391767926055,12.802276206899451,7.68045507946996
2.5857096593158464,-0.03543887959695222,1999999999999991.2,0.3934259209673007,4250506904474.05,9639556221.507538,0.3187399727874237,0.00799999999999993,-0.516947111010492,153625594386.30768,154864510470.0682,104658976612.16417,48966617774.1435,-0.03543887959695222,-191593549901.26968,1.9999999999999913,0.6374799455748474,0.5,4.059972971453163,7.478430961131752e-14,95.0,0.01933705117272506,12.749598911496948,7.6698403988705675
2.611696473423118,-0.03475825193891057,1999999999999991.2,0.3934259209673007,4058913354572.7803,9646441142.193449,0.31745134317898516,0.00799999999999993,-0.5173031629269306,153113784874.31668,154348573462.01276,104507608206.74667,48606176667.570015,-0.03475825193891057,-182044146087.2897,1.9999999999999913,0.6349026863579703,0.5,4.072067173964563,7.330348106517508e-14,96.0,0.019144644298755606,12.698053727159405,7.659285962852315
2.6379444593541526,-0.03409433777980405,1999999999999991.2,0.3934259209673007,3876869208485.4907,9653199283.734032,0.31619156387153585,0.00799999999999993,-0.5176573873888287,152613008894.3726,153843758966.10138,104358062944.92032,48254945949.45228,-0.03409433777980405,-172971847835.29047,1.9999999999999913,0.6323831277430715,0.5,4.084350092755131,7.185197488885146e-14,97.0,0.01895415190516994,12.647662554861428,7.648807301685054
2.664456241929417,-0.033446835158821846,1999999999999991.2,0.3934259209673007,3703897360650.2,9659832801.311487,0.31496120277061934,0.00799999999999993,-0.5180092376304134,152123627883.2073,153350431333.87833,104210587075.28221,47913040807.9251,-0.033446835158821846,-164352750617.45355,1.9999999999999913,0.6299224055412386,0.5,4.096828877773084,7.04292104605225e-14,98.0,0.01876555494256998,12.598448110824771,7.638420148289013
2.691234472349262,-0.03281544826769678,1999999999999991.2,0.3934259209673007,3539544610032.7466,9666343820.287027,0.31376084826280326,0.00799999999999993,-0.5183581557910985,151646011832.65814,152868963540.98602,104065430524.37222,47580581308.28592,-0.03281544826769678,-156164144396.76288,1.9999999999999913,0.6275216965256064,0.5,4.109510946374038,6.903461865544641e-14,99.0,0.018578834551102288,12.550433930512128,7.628140435382437
2.718281828459045,-0.03219988730922917,1999999999999991.2,0.3934259209673007,3383380465635.984,9672734436.34614,0.31259110927826095,0.00799999999999993,-0.5187035730648061,151180539360.5737,152399737258.64282,103922846860.56618,47257692500.00752,-0.03219988730922917,-148384453909.68597,1.9999999999999913,0.6251822185565219,0.5,4.122403988182023,6.766764161830636e-14,100.0,0.018393972058572117,12.503644371130438,7.617984291139754
